inventory_snapshot_id,snapshot_date,site_id,study_id,drug_type,qty_on_hand,qty_reserved,qty_expired,inventory_adjustment
INV00004,2026-10-02,SITE001,STUDY001,DRUG_A,54,4,0,0
INV00004,2026-10-02,SITE001,STUDY001,DRUG_B,34,0,0,0
INV00004,2026-10-02,SITE001,STUDY001,DRUG_C,75,10,0,0
INV00004,2026-10-02,SITE002,STUDY001,DRUG_A,76,7,0,0
INV00004,2026-10-02,SITE002,STUDY001,DRUG_B,72,7,0,0
INV00004,2026-10-02,SITE002,STUDY001,DRUG_C,53,4,0,0
INV00004,2026-10-02,SITE003,STUDY002,DRUG_A,67,6,0,0
INV00004,2026-10-02,SITE003,STUDY002,DRUG_B,73,7,0,0
INV00004,2026-10-02,SITE003,STUDY002,DRUG_C,50,5,0,0
INV00004,2026-10-02,SITE004,STUDY003,DRUG_A,77,4,0,0
INV00004,2026-10-02,SITE004,STUDY003,DRUG_B,89,7,0,0
INV00004,2026-10-02,SITE004,STUDY003,DRUG_C,78,10,0,0
INV00004,2026-10-02,SITE005,STUDY003,DRUG_A,64,2,5,0
INV00004,2026-10-02,SITE005,STUDY003,DRUG_B,53,7,0,0
INV00004,2026-10-02,SITE005,STUDY003,DRUG_C,98,0,0,0
